{"v":"5.7.8","fr":29.9700012207031,"ip":0,"op":57.0000023216576,"w":500,"h":500,"nm":"Car","ddd":0,"assets":[],"layers":[{"ddd":0,"ind":1,"ty":4,"nm":"Engine Outlines","sr":1,"ks":{"o":{"a":0,"k":100,"ix":11},"r":{"a":1,"k":[{"i":{"x":[0.667],"y":[1]},"o":{"x":[0.333],"y":[0]},"t":0,"s":[0]},{"i":{"x":[0.667],"y":[1]},"o":{"x":[0.333],"y":[0]},"t":9,"s":[2]},{"i":{"x":[0.667],"y":[1]},"o":{"x":[0.333],"y":[0]},"t":17,"s":[-1]},{"i":{"x":[0.667],"y":[1]},"o":{"x":[0.333],"y":[0]},"t":27,"s":[1]},{"i":{"x":[0.667],"y":[1]},"o":{"x":[0.333],"y":[0]},"t":34,"s":[0]},{"t":37.0000015070409,"s":[0]}],"ix":10},"p":{"a":1,"k":[{"i":{"x":0.522,"y":1},"o":{"x":0.516,"y":0},"t":0,"s":[253.153,286.212,0],"to":[11,0,0],"ti":[14.333,0,0]},{"i":{"x":0.564,"y":0.996},"o":{"x":0.462,"y":0},"t":8,"s":[319.153,286.212,0],"to":[-14.333,0,0],"ti":[1.667,0,0]},{"i":{"x":0.555,"y":1},"o":{"x":0.453,"y":0},"t":17,"s":[167.153,286.212,0],"to":[-1.667,0,0],"ti":[-14.333,0,0]},{"i":{"x":0.532,"y":1},"o":{"x":0.468,"y":0},"t":26,"s":[309.153,286.212,0],"to":[14.333,0,0],"ti":[9.333,0,0]},{"i":{"x":0.667,"y":0.667},"o":{"x":0.167,"y":0.167},"t":34,"s":[253.153,286.212,0],"to":[0,0,0],"ti":[0,0,0]},{"i":{"x":0.667,"y":1},"o":{"x":0.079,"y":0},"t":37,"s":[253.153,286.212,0],"to":[0,-3.167,0],"ti":[0,0,0]},{"i":{"x":0.667,"y":1},"o":{"x":0.871,"y":0},"t":44,"s":[253.153,267.212,0],"to":[0,0,0],"ti":[0,-3.167,0]},{"t":51.0000020772726,"s":[253.153,286.212,0]}],"ix":2,"l":2},"a":{"a":0,"k":[138.288,59.308,0],"ix":1,"l":2},"s":{"a":0,"k":[100,100,100],"ix":6,"l":2}},"ao":0,"shapes":[{"ty":"gr","it":[{"ind":0,"ty":"sh","ix":1,"ks":{"a":0,"k":{"i":[[1.565,0],[0,0],[0,1.566],[-1.566,0],[0,0],[0,-1.564]],"o":[[0,0],[-1.566,0],[0,-1.564],[0,0],[1.565,0],[0,1.566]],"v":[[41.269,2.846],[-41.27,2.846],[-44.115,-0.001],[-41.27,-2.846],[41.269,-2.846],[44.115,-0.001]],"c":true},"ix":2},"nm":"Path 1","mn":"ADBE Vector Shape - Group","hd":false},{"ty":"fl","c":{"a":0,"k":[0.301999978458,0.301999978458,0.301999978458,1],"ix":4},"o":{"a":0,"k":100,"ix":5},"r":1,"bm":0,"nm":"Fill 1","mn":"ADBE Vector Graphic - Fill","hd":false},{"ty":"tr","p":{"a":0,"k":[138.289,79.943],"ix":2},"a":{"a":0,"k":[0,0],"ix":1},"s":{"a":0,"k":[100,100],"ix":3},"r":{"a":0,"k":0,"ix":6},"o":{"a":0,"k":100,"ix":7},"sk":{"a":0,"k":0,"ix":4},"sa":{"a":0,"k":0,"ix":5},"nm":"Transform"}],"nm":"Group 1","np":2,"cix":2,"bm":0,"ix":1,"mn":"ADBE Vector Group","hd":false},{"ty":"gr","it":[{"ind":0,"ty":"sh","ix":1,"ks":{"a":0,"k":{"i":[[1.565,0],[0,0],[0,1.566],[-1.566,0],[0,0],[0,-1.565]],"o":[[0,0],[-1.566,0],[0,-1.565],[0,0],[1.565,0],[0,1.566]],"v":[[41.269,2.846],[-41.27,2.846],[-44.115,0],[-41.27,-2.846],[41.269,-2.846],[44.115,0]],"c":true},"ix":2},"nm":"Path 1","mn":"ADBE Vector Shape - Group","hd":false},{"ty":"fl","c":{"a":0,"k":[0.301999978458,0.301999978458,0.301999978458,1],"ix":4},"o":{"a":0,"k":100,"ix":5},"r":1,"bm":0,"nm":"Fill 1","mn":"ADBE Vector Graphic - Fill","hd":false},{"ty":"tr","p":{"a":0,"k":[138.289,68.558],"ix":2},"a":{"a":0,"k":[0,0],"ix":1},"s":{"a":0,"k":[100,100],"ix":3},"r":{"a":0,"k":0,"ix":6},"o":{"a":0,"k":100,"ix":7},"sk":{"a":0,"k":0,"ix":4},"sa":{"a":0,"k":0,"ix":5},"nm":"Transform"}],"nm":"Group 2","np":2,"cix":2,"bm":0,"ix":2,"mn":"ADBE Vector Group","hd":false},{"ty":"gr","it":[{"ind":0,"ty":"sh","ix":1,"ks":{"a":0,"k":{"i":[[1.565,0],[0,0],[0,1.566],[-1.566,0],[0,0],[0,-1.565]],"o":[[0,0],[-1.566,0],[0,-1.565],[0,0],[1.565,0],[0,1.566]],"v":[[41.269,2.846],[-41.27,2.846],[-44.115,0],[-41.27,-2.846],[41.269,-2.846],[44.115,0]],"c":true},"ix":2},"nm":"Path 1","mn":"ADBE Vector Shape - Group","hd":false},{"ty":"fl","c":{"a":0,"k":[0.301999978458,0.301999978458,0.301999978458,1],"ix":4},"o":{"a":0,"k":100,"ix":5},"r":1,"bm":0,"nm":"Fill 1","mn":"ADBE Vector Graphic - Fill","hd":false},{"ty":"tr","p":{"a":0,"k":[138.289,57.173],"ix":2},"a":{"a":0,"k":[0,0],"ix":1},"s":{"a":0,"k":[100,100],"ix":3},"r":{"a":0,"k":0,"ix":6},"o":{"a":0,"k":100,"ix":7},"sk":{"a":0,"k":0,"ix":4},"sa":{"a":0,"k":0,"ix":5},"nm":"Transform"}],"nm":"Group 3","np":2,"cix":2,"bm":0,"ix":3,"mn":"ADBE Vector Group","hd":false},{"ty":"gr","it":[{"ind":0,"ty":"sh","ix":1,"ks":{"a":0,"k":{"i":[[1.565,0],[0,0],[0,1.566],[-1.566,0],[0,0],[0,-1.565]],"o":[[0,0],[-1.566,0],[0,-1.565],[0,0],[1.565,0],[0,1.566]],"v":[[41.269,2.846],[-41.27,2.846],[-44.115,0],[-41.27,-2.846],[41.269,-2.846],[44.115,0]],"c":true},"ix":2},"nm":"Path 1","mn":"ADBE Vector Shape - Group","hd":false},{"ty":"fl","c":{"a":0,"k":[0.301999978458,0.301999978458,0.301999978458,1],"ix":4},"o":{"a":0,"k":100,"ix":5},"r":1,"bm":0,"nm":"Fill 1","mn":"ADBE Vector Graphic - Fill","hd":false},{"ty":"tr","p":{"a":0,"k":[138.289,45.788],"ix":2},"a":{"a":0,"k":[0,0],"ix":1},"s":{"a":0,"k":[100,100],"ix":3},"r":{"a":0,"k":0,"ix":6},"o":{"a":0,"k":100,"ix":7},"sk":{"a":0,"k":0,"ix":4},"sa":{"a":0,"k":0,"ix":5},"nm":"Transform"}],"nm":"Group 4","np":2,"cix":2,"bm":0,"ix":4,"mn":"ADBE Vector Group","hd":false},{"ty":"gr","it":[{"ind":0,"ty":"sh","ix":1,"ks":{"a":0,"k":{"i":[[1.565,0],[0,0],[0,1.566],[-1.566,0],[0,0],[0,-1.565]],"o":[[0,0],[-1.566,0],[0,-1.565],[0,0],[1.565,0],[0,1.566]],"v":[[41.269,2.846],[-41.27,2.846],[-44.115,-0.001],[-41.27,-2.846],[41.269,-2.846],[44.115,-0.001]],"c":true},"ix":2},"nm":"Path 1","mn":"ADBE Vector Shape - Group","hd":false},{"ty":"fl","c":{"a":0,"k":[0.301999978458,0.301999978458,0.301999978458,1],"ix":4},"o":{"a":0,"k":100,"ix":5},"r":1,"bm":0,"nm":"Fill 1","mn":"ADBE Vector Graphic - Fill","hd":false},{"ty":"tr","p":{"a":0,"k":[138.289,34.404],"ix":2},"a":{"a":0,"k":[0,0],"ix":1},"s":{"a":0,"k":[100,100],"ix":3},"r":{"a":0,"k":0,"ix":6},"o":{"a":0,"k":100,"ix":7},"sk":{"a":0,"k":0,"ix":4},"sa":{"a":0,"k":0,"ix":5},"nm":"Transform"}],"nm":"Group 5","np":2,"cix":2,"bm":0,"ix":5,"mn":"ADBE Vector Group","hd":false},{"ty":"gr","it":[{"ind":0,"ty":"sh","ix":1,"ks":{"a":0,"k":{"i":[[1.565,0],[0,0],[0,1.566],[-1.566,0],[0,0],[0,-1.565]],"o":[[0,0],[-1.566,0],[0,-1.565],[0,0],[1.565,0],[0,1.566]],"v":[[41.269,2.846],[-41.27,2.846],[-44.115,-0.001],[-41.27,-2.846],[41.269,-2.846],[44.115,-0.001]],"c":true},"ix":2},"nm":"Path 1","mn":"ADBE Vector Shape - Group","hd":false},{"ty":"fl","c":{"a":0,"k":[0.301999978458,0.301999978458,0.301999978458,1],"ix":4},"o":{"a":0,"k":100,"ix":5},"r":1,"bm":0,"nm":"Fill 1","mn":"ADBE Vector Graphic - Fill","hd":false},{"ty":"tr","p":{"a":0,"k":[138.289,23.02],"ix":2},"a":{"a":0,"k":[0,0],"ix":1},"s":{"a":0,"k":[100,100],"ix":3},"r":{"a":0,"k":0,"ix":6},"o":{"a":0,"k":100,"ix":7},"sk":{"a":0,"k":0,"ix":4},"sa":{"a":0,"k":0,"ix":5},"nm":"Transform"}],"nm":"Group 6","np":2,"cix":2,"bm":0,"ix":6,"mn":"ADBE Vector Group","hd":false},{"ty":"gr","it":[{"ind":0,"ty":"sh","ix":1,"ks":{"a":0,"k":{"i":[[2.237,0],[0,0],[0,2.238],[0,0],[-2.237,0],[0,0],[0,-2.238],[0,0]],"o":[[0,0],[-2.237,0],[0,0],[0,-2.238],[0,0],[2.237,0],[0,0],[0,2.238]],"v":[[21.564,11.385],[-21.564,11.385],[-25.615,7.333],[-25.615,-7.333],[-21.564,-11.385],[21.564,-11.385],[25.615,-7.333],[25.615,7.333]],"c":true},"ix":2},"nm":"Path 1","mn":"ADBE Vector Shape - Group","hd":false},{"ty":"fl","c":{"a":0,"k":[1,1,1,1],"ix":4},"o":{"a":0,"k":100,"ix":5},"r":1,"bm":0,"nm":"Fill 1","mn":"ADBE Vector Graphic - Fill","hd":false},{"ty":"tr","p":{"a":0,"k":[138.289,99.865],"ix":2},"a":{"a":0,"k":[0,0],"ix":1},"s":{"a":0,"k":[100,100],"ix":3},"r":{"a":0,"k":0,"ix":6},"o":{"a":0,"k":100,"ix":7},"sk":{"a":0,"k":0,"ix":4},"sa":{"a":0,"k":0,"ix":5},"nm":"Transform"}],"nm":"Group 7","np":2,"cix":2,"bm":0,"ix":7,"mn":"ADBE Vector Group","hd":false},{"ty":"gr","it":[{"ind":0,"ty":"sh","ix":1,"ks":{"a":0,"k":{"i":[[6.34,0],[0,0],[0,0],[12.686,0],[0,0],[0,-12.686],[0,0],[0,0],[0,-6.34],[0,0],[-6.339,0],[0,0],[0,6.34],[0,0]],"o":[[0,0],[0,0],[0,-12.686],[0,0],[-12.687,0],[0,0],[0,0],[-6.339,0],[0,0],[0,6.34],[0,0],[6.34,0],[0,0],[0,-6.34]],"v":[[126.559,27.75],[62.616,27.75],[62.616,-36.087],[39.644,-59.058],[-39.644,-59.058],[-62.615,-36.087],[-62.615,27.75],[-126.56,27.75],[-138.038,39.229],[-138.038,47.578],[-126.56,59.058],[126.559,59.058],[138.038,47.578],[138.038,39.229]],"c":true},"ix":2},"nm":"Path 1","mn":"ADBE Vector Shape - Group","hd":false},{"ty":"fl","c":{"a":0,"k":[0.8,0.8,0.8,1],"ix":4},"o":{"a":0,"k":100,"ix":5},"r":1,"bm":0,"nm":"Fill 1","mn":"ADBE Vector Graphic - Fill","hd":false},{"ty":"tr","p":{"a":0,"k":[138.288,59.308],"ix":2},"a":{"a":0,"k":[0,0],"ix":1},"s":{"a":0,"k":[100,100],"ix":3},"r":{"a":0,"k":0,"ix":6},"o":{"a":0,"k":100,"ix":7},"sk":{"a":0,"k":0,"ix":4},"sa":{"a":0,"k":0,"ix":5},"nm":"Transform"}],"nm":"Group 8","np":2,"cix":2,"bm":0,"ix":8,"mn":"ADBE Vector Group","hd":false}],"ip":0,"op":57.0000023216576,"st":0,"bm":0},{"ddd":0,"ind":2,"ty":4,"nm":"Light Outlines","sr":1,"ks":{"o":{"a":1,"k":[{"i":{"x":[0.833],"y":[0.833]},"o":{"x":[0.167],"y":[0.167]},"t":0,"s":[0]},{"i":{"x":[0.833],"y":[0.833]},"o":{"x":[0.167],"y":[0.167]},"t":4,"s":[100]},{"i":{"x":[0.833],"y":[0.833]},"o":{"x":[0.167],"y":[0.167]},"t":8,"s":[0]},{"i":{"x":[0.833],"y":[0.833]},"o":{"x":[0.167],"y":[0.167]},"t":17,"s":[0]},{"i":{"x":[0.833],"y":[0.833]},"o":{"x":[0.167],"y":[0.167]},"t":22,"s":[100]},{"t":26.0000010590017,"s":[0]}],"ix":11},"r":{"a":0,"k":0,"ix":10},"p":{"a":1,"k":[{"i":{"x":0.667,"y":1},"o":{"x":0.333,"y":0},"t":0,"s":[202.5,181.5,0],"to":[30.833,0,0],"ti":[14.333,0,0]},{"i":{"x":0.667,"y":1},"o":{"x":0.333,"y":0},"t":8,"s":[387.5,181.5,0],"to":[-14.333,0,0],"ti":[1.167,0,0]},{"i":{"x":0.667,"y":1},"o":{"x":0.333,"y":0},"t":17,"s":[116.5,181.5,0],"to":[-1.167,0,0],"ti":[-14.333,0,0]},{"i":{"x":0.667,"y":1},"o":{"x":0.333,"y":0},"t":26,"s":[380.5,181.5,0],"to":[14.333,0,0],"ti":[29.667,0,0]},{"i":{"x":0.667,"y":0.667},"o":{"x":0.167,"y":0.167},"t":34,"s":[202.5,181.5,0],"to":[0,0,0],"ti":[0,0,0]},{"t":37.0000015070409,"s":[202.5,181.5,0]}],"ix":2,"l":2},"a":{"a":0,"k":[12.75,45.75,0],"ix":1,"l":2},"s":{"a":0,"k":[100,100,100],"ix":6,"l":2}},"ao":0,"shapes":[{"ty":"gr","it":[{"ind":0,"ty":"sh","ix":1,"ks":{"a":0,"k":{"i":[[0,0],[0,0],[0,0],[0,0]],"o":[[0,0],[0,0],[0,0],[0,0]],"v":[[12.5,45.5],[-0.5,45.5],[-12.5,-45.5],[0.5,-45.5]],"c":true},"ix":2},"nm":"Path 1","mn":"ADBE Vector Shape - Group","hd":false},{"ty":"fl","c":{"a":0,"k":[1,1,1,1],"ix":4},"o":{"a":0,"k":100,"ix":5},"r":1,"bm":0,"nm":"Fill 1","mn":"ADBE Vector Graphic - Fill","hd":false},{"ty":"tr","p":{"a":0,"k":[12.75,45.75],"ix":2},"a":{"a":0,"k":[0,0],"ix":1},"s":{"a":0,"k":[100,100],"ix":3},"r":{"a":0,"k":0,"ix":6},"o":{"a":0,"k":100,"ix":7},"sk":{"a":0,"k":0,"ix":4},"sa":{"a":0,"k":0,"ix":5},"nm":"Transform"}],"nm":"Group 1","np":2,"cix":2,"bm":0,"ix":1,"mn":"ADBE Vector Group","hd":false}],"ip":0,"op":57.0000023216576,"st":0,"bm":0},{"ddd":0,"ind":3,"ty":4,"nm":"Glass Outlines","sr":1,"ks":{"o":{"a":0,"k":100,"ix":11},"r":{"a":1,"k":[{"i":{"x":[0.667],"y":[1]},"o":{"x":[0.333],"y":[0]},"t":0,"s":[0]},{"i":{"x":[0.667],"y":[1]},"o":{"x":[0.333],"y":[0]},"t":7,"s":[3]},{"i":{"x":[0.667],"y":[1]},"o":{"x":[0.333],"y":[0]},"t":18,"s":[-2]},{"i":{"x":[0.667],"y":[1]},"o":{"x":[0.333],"y":[0]},"t":25,"s":[2]},{"i":{"x":[0.667],"y":[1]},"o":{"x":[0.333],"y":[0]},"t":34,"s":[0]},{"t":37.0000015070409,"s":[0]}],"ix":10},"p":{"a":1,"k":[{"i":{"x":0.546,"y":0.991},"o":{"x":0.443,"y":0.027},"t":0,"s":[251.837,181.615,0],"to":[11,0,0],"ti":[14.333,0,0]},{"i":{"x":0.618,"y":0.994},"o":{"x":0.375,"y":0.009},"t":7,"s":[317.837,181.615,0],"to":[-14.333,0,0],"ti":[1.667,0,0]},{"i":{"x":0.689,"y":0.997},"o":{"x":0.322,"y":0.01},"t":18,"s":[165.837,181.615,0],"to":[-1.667,0,0],"ti":[-14.333,0,0]},{"i":{"x":0.487,"y":0.984},"o":{"x":0.256,"y":0.023},"t":25,"s":[307.837,181.615,0],"to":[14.333,0,0],"ti":[9.333,0,0]},{"i":{"x":0.667,"y":0.667},"o":{"x":0.629,"y":0.629},"t":34,"s":[251.837,181.615,0],"to":[0,0,0],"ti":[0,0,0]},{"i":{"x":0.667,"y":1},"o":{"x":0.109,"y":0},"t":37,"s":[251.837,181.615,0],"to":[0,-3.833,0],"ti":[0,0,0]},{"i":{"x":0.667,"y":1},"o":{"x":1,"y":0},"t":45,"s":[251.837,158.615,0],"to":[0,0,0],"ti":[0,-3.833,0]},{"t":52.0000021180034,"s":[251.837,181.615,0]}],"ix":2,"l":2},"a":{"a":0,"k":[91.077,45.788,0],"ix":1,"l":2},"s":{"a":0,"k":[100,100,100],"ix":6,"l":2}},"ao":0,"shapes":[{"ty":"gr","it":[{"ind":0,"ty":"sh","ix":1,"ks":{"a":0,"k":{"i":[[0,0],[0,0],[0,0],[-10.429,0],[0,0],[0,-10.428]],"o":[[0,0],[0,0],[0,-10.428],[0,0],[10.429,0],[0,0]],"v":[[90.827,45.538],[-90.827,45.538],[-90.827,-26.656],[-71.945,-45.538],[71.945,-45.538],[90.827,-26.656]],"c":true},"ix":2},"nm":"Path 1","mn":"ADBE Vector Shape - Group","hd":false},{"ty":"fl","c":{"a":0,"k":[0.102000000898,0.689999988032,0.969000004787,1],"ix":4},"o":{"a":0,"k":100,"ix":5},"r":1,"bm":0,"nm":"Fill 1","mn":"ADBE Vector Graphic - Fill","hd":false},{"ty":"tr","p":{"a":0,"k":[91.078,45.789],"ix":2},"a":{"a":0,"k":[0,0],"ix":1},"s":{"a":0,"k":[100,100],"ix":3},"r":{"a":0,"k":0,"ix":6},"o":{"a":0,"k":100,"ix":7},"sk":{"a":0,"k":0,"ix":4},"sa":{"a":0,"k":0,"ix":5},"nm":"Transform"}],"nm":"Group 1","np":2,"cix":2,"bm":0,"ix":1,"mn":"ADBE Vector Group","hd":false}],"ip":0,"op":57.0000023216576,"st":0,"bm":0},{"ddd":0,"ind":4,"ty":4,"nm":"Layer 2 Outlines","sr":1,"ks":{"o":{"a":0,"k":100,"ix":11},"r":{"a":1,"k":[{"i":{"x":[0.667],"y":[1]},"o":{"x":[0.333],"y":[0]},"t":0,"s":[0]},{"i":{"x":[0.667],"y":[1]},"o":{"x":[0.333],"y":[0]},"t":8,"s":[4]},{"i":{"x":[0.667],"y":[1]},"o":{"x":[0.333],"y":[0]},"t":17,"s":[-3]},{"i":{"x":[0.667],"y":[1]},"o":{"x":[0.333],"y":[0]},"t":26,"s":[3]},{"i":{"x":[0.667],"y":[1]},"o":{"x":[0.333],"y":[0]},"t":34,"s":[0]},{"t":37.0000015070409,"s":[0]}],"ix":10},"p":{"a":1,"k":[{"i":{"x":0.484,"y":0.983},"o":{"x":0.497,"y":0},"t":0,"s":[253.154,227.154,0],"to":[11,0,0],"ti":[14.333,0,0]},{"i":{"x":0.487,"y":0.984},"o":{"x":0.368,"y":0.002},"t":8,"s":[319.154,227.154,0],"to":[-14.333,0,0],"ti":[1.667,0,0]},{"i":{"x":0.547,"y":0.988},"o":{"x":0.513,"y":0},"t":17,"s":[167.154,227.154,0],"to":[-1.667,0,0],"ti":[-14.333,0,0]},{"i":{"x":0.667,"y":1},"o":{"x":0.093,"y":0.003},"t":26,"s":[309.154,227.154,0],"to":[14.333,0,0],"ti":[9.333,0,0]},{"i":{"x":0.667,"y":0.667},"o":{"x":0.167,"y":0.167},"t":34,"s":[253.154,227.154,0],"to":[0,0,0],"ti":[0,0,0]},{"i":{"x":0.667,"y":1},"o":{"x":0.09,"y":0},"t":37,"s":[253.154,227.154,0],"to":[0,-2.5,0],"ti":[0,0,0]},{"i":{"x":0.667,"y":1},"o":{"x":1,"y":0},"t":45,"s":[253.154,212.154,0],"to":[0,0,0],"ti":[0,-2.5,0]},{"t":52.0000021180034,"s":[253.154,227.154,0]}],"ix":2,"l":2},"a":{"a":0,"k":[145.404,108.404,0],"ix":1,"l":2},"s":{"a":0,"k":[100,100,100],"ix":6,"l":2}},"ao":0,"shapes":[{"ty":"gr","it":[{"ind":0,"ty":"sh","ix":1,"ks":{"a":0,"k":{"i":[[5.134,0],[0,0],[0,5.134],[0,0],[-5.133,0],[0,0],[0,-5.133],[0,0]],"o":[[0,0],[-5.133,0],[0,0],[0,-5.133],[0,0],[5.134,0],[0,0],[0,5.134]],"v":[[7.781,11.384],[-7.782,11.384],[-17.077,2.089],[-17.077,-2.09],[-7.782,-11.385],[7.781,-11.385],[17.077,-2.09],[17.077,2.089]],"c":true},"ix":2},"nm":"Path 1","mn":"ADBE Vector Shape - Group","hd":false},{"ty":"fl","c":{"a":0,"k":[1,1,1,1],"ix":4},"o":{"a":0,"k":100,"ix":5},"r":1,"bm":0,"nm":"Fill 1","mn":"ADBE Vector Graphic - Fill","hd":false},{"ty":"tr","p":{"a":0,"k":[242.173,145.404],"ix":2},"a":{"a":0,"k":[0,0],"ix":1},"s":{"a":0,"k":[100,100],"ix":3},"r":{"a":0,"k":0,"ix":6},"o":{"a":0,"k":100,"ix":7},"sk":{"a":0,"k":0,"ix":4},"sa":{"a":0,"k":0,"ix":5},"nm":"Transform"}],"nm":"Group 1","np":2,"cix":2,"bm":0,"ix":1,"mn":"ADBE Vector Group","hd":false},{"ty":"gr","it":[{"ind":0,"ty":"sh","ix":1,"ks":{"a":0,"k":{"i":[[5.134,0],[0,0],[0,5.134],[0,0],[-5.134,0],[0,0],[0,-5.133],[0,0]],"o":[[0,0],[-5.134,0],[0,0],[0,-5.133],[0,0],[5.134,0],[0,0],[0,5.134]],"v":[[7.782,11.384],[-7.782,11.384],[-17.077,2.089],[-17.077,-2.09],[-7.782,-11.385],[7.782,-11.385],[17.077,-2.09],[17.077,2.089]],"c":true},"ix":2},"nm":"Path 1","mn":"ADBE Vector Shape - Group","hd":false},{"ty":"fl","c":{"a":0,"k":[1,1,1,1],"ix":4},"o":{"a":0,"k":100,"ix":5},"r":1,"bm":0,"nm":"Fill 1","mn":"ADBE Vector Graphic - Fill","hd":false},{"ty":"tr","p":{"a":0,"k":[45.788,145.404],"ix":2},"a":{"a":0,"k":[0,0],"ix":1},"s":{"a":0,"k":[100,100],"ix":3},"r":{"a":0,"k":0,"ix":6},"o":{"a":0,"k":100,"ix":7},"sk":{"a":0,"k":0,"ix":4},"sa":{"a":0,"k":0,"ix":5},"nm":"Transform"}],"nm":"Group 2","np":2,"cix":2,"bm":0,"ix":2,"mn":"ADBE Vector Group","hd":false},{"ty":"gr","it":[{"ind":0,"ty":"sh","ix":1,"ks":{"a":0,"k":{"i":[[6.287,0],[0,0],[0,6.288],[-6.288,0],[0,0],[0,-6.287]],"o":[[0,0],[-6.288,0],[0,-6.287],[0,0],[6.287,0],[0,6.288]],"v":[[14.232,11.385],[-14.23,11.385],[-25.615,0],[-14.23,-11.385],[14.232,-11.385],[25.615,0]],"c":true},"ix":2},"nm":"Path 1","mn":"ADBE Vector Shape - Group","hd":false},{"ty":"fl","c":{"a":0,"k":[1,1,1,1],"ix":4},"o":{"a":0,"k":100,"ix":5},"r":1,"bm":0,"nm":"Fill 1","mn":"ADBE Vector Graphic - Fill","hd":false},{"ty":"tr","p":{"a":0,"k":[242.172,173.865],"ix":2},"a":{"a":0,"k":[0,0],"ix":1},"s":{"a":0,"k":[100,100],"ix":3},"r":{"a":0,"k":0,"ix":6},"o":{"a":0,"k":100,"ix":7},"sk":{"a":0,"k":0,"ix":4},"sa":{"a":0,"k":0,"ix":5},"nm":"Transform"}],"nm":"Group 3","np":2,"cix":2,"bm":0,"ix":3,"mn":"ADBE Vector Group","hd":false},{"ty":"gr","it":[{"ind":0,"ty":"sh","ix":1,"ks":{"a":0,"k":{"i":[[6.288,0],[0,0],[0,6.288],[-6.288,0],[0,0],[0,-6.287]],"o":[[0,0],[-6.288,0],[0,-6.287],[0,0],[6.288,0],[0,6.288]],"v":[[14.23,11.385],[-14.231,11.385],[-25.615,0],[-14.231,-11.385],[14.23,-11.385],[25.615,0]],"c":true},"ix":2},"nm":"Path 1","mn":"ADBE Vector Shape - Group","hd":false},{"ty":"fl","c":{"a":0,"k":[1,1,1,1],"ix":4},"o":{"a":0,"k":100,"ix":5},"r":1,"bm":0,"nm":"Fill 1","mn":"ADBE Vector Graphic - Fill","hd":false},{"ty":"tr","p":{"a":0,"k":[45.788,173.865],"ix":2},"a":{"a":0,"k":[0,0],"ix":1},"s":{"a":0,"k":[100,100],"ix":3},"r":{"a":0,"k":0,"ix":6},"o":{"a":0,"k":100,"ix":7},"sk":{"a":0,"k":0,"ix":4},"sa":{"a":0,"k":0,"ix":5},"nm":"Transform"}],"nm":"Group 4","np":2,"cix":2,"bm":0,"ix":4,"mn":"ADBE Vector Group","hd":false},{"ty":"gr","it":[{"ind":0,"ty":"sh","ix":1,"ks":{"a":0,"k":{"i":[[5.667,0],[0,0],[0,5.668],[0,0],[-5.667,0],[0,0],[0,-5.668],[0,0]],"o":[[0,0],[-5.667,0],[0,0],[0,-5.668],[0,0],[5.667,0],[0,0],[0,5.668]],"v":[[8.238,11.384],[-8.239,11.384],[-18.5,1.122],[-18.5,-1.122],[-8.239,-11.384],[8.238,-11.384],[18.5,-1.122],[18.5,1.122]],"c":true},"ix":2},"nm":"Path 1","mn":"ADBE Vector Shape - Group","hd":false},{"ty":"fl","c":{"a":0,"k":[0.929000016755,0.109999997008,0.141000007181,1],"ix":4},"o":{"a":0,"k":100,"ix":5},"r":1,"bm":0,"nm":"Fill 1","mn":"ADBE Vector Graphic - Fill","hd":false},{"ty":"tr","p":{"a":0,"k":[272.058,94.173],"ix":2},"a":{"a":0,"k":[0,0],"ix":1},"s":{"a":0,"k":[100,100],"ix":3},"r":{"a":0,"k":0,"ix":6},"o":{"a":0,"k":100,"ix":7},"sk":{"a":0,"k":0,"ix":4},"sa":{"a":0,"k":0,"ix":5},"nm":"Transform"}],"nm":"Group 5","np":2,"cix":2,"bm":0,"ix":5,"mn":"ADBE Vector Group","hd":false},{"ty":"gr","it":[{"ind":0,"ty":"sh","ix":1,"ks":{"a":0,"k":{"i":[[5.667,0],[0,0],[0,5.668],[0,0],[-5.667,0],[0,0],[0,-5.668],[0,0]],"o":[[0,0],[-5.667,0],[0,0],[0,-5.668],[0,0],[5.667,0],[0,0],[0,5.668]],"v":[[8.238,11.384],[-8.239,11.384],[-18.5,1.122],[-18.5,-1.122],[-8.239,-11.384],[8.238,-11.384],[18.5,-1.122],[18.5,1.122]],"c":true},"ix":2},"nm":"Path 1","mn":"ADBE Vector Shape - Group","hd":false},{"ty":"fl","c":{"a":0,"k":[0.929000016755,0.109999997008,0.141000007181,1],"ix":4},"o":{"a":0,"k":100,"ix":5},"r":1,"bm":0,"nm":"Fill 1","mn":"ADBE Vector Graphic - Fill","hd":false},{"ty":"tr","p":{"a":0,"k":[18.75,94.173],"ix":2},"a":{"a":0,"k":[0,0],"ix":1},"s":{"a":0,"k":[100,100],"ix":3},"r":{"a":0,"k":0,"ix":6},"o":{"a":0,"k":100,"ix":7},"sk":{"a":0,"k":0,"ix":4},"sa":{"a":0,"k":0,"ix":5},"nm":"Transform"}],"nm":"Group 6","np":2,"cix":2,"bm":0,"ix":6,"mn":"ADBE Vector Group","hd":false},{"ty":"gr","it":[{"ind":0,"ty":"sh","ix":1,"ks":{"a":0,"k":{"i":[[12.22,0],[0,0],[0,0],[18.535,0],[0,0],[0,-18.535],[0,0],[0,0],[0,-12.22],[0,0],[0,0],[0,0]],"o":[[0,0],[0,0],[0,-18.535],[0,0],[-18.534,0],[0,0],[0,0],[-12.22,0],[0,0],[0,0],[0,0],[0,-12.22]],"v":[[111.643,0],[105.308,0],[105.308,-74.594],[71.748,-108.154],[-71.749,-108.154],[-105.308,-74.594],[-105.308,0],[-111.643,0],[-133.769,22.126],[-133.769,108.154],[133.769,108.154],[133.769,22.126]],"c":true},"ix":2},"nm":"Path 1","mn":"ADBE Vector Shape - Group","hd":false},{"ty":"fl","c":{"a":0,"k":[0.929000016755,0.109999997008,0.141000007181,1],"ix":4},"o":{"a":0,"k":100,"ix":5},"r":1,"bm":0,"nm":"Fill 1","mn":"ADBE Vector Graphic - Fill","hd":false},{"ty":"tr","p":{"a":0,"k":[145.404,108.404],"ix":2},"a":{"a":0,"k":[0,0],"ix":1},"s":{"a":0,"k":[100,100],"ix":3},"r":{"a":0,"k":0,"ix":6},"o":{"a":0,"k":100,"ix":7},"sk":{"a":0,"k":0,"ix":4},"sa":{"a":0,"k":0,"ix":5},"nm":"Transform"}],"nm":"Group 7","np":2,"cix":2,"bm":0,"ix":7,"mn":"ADBE Vector Group","hd":false}],"ip":0,"op":57.0000023216576,"st":0,"bm":0},{"ddd":0,"ind":5,"ty":4,"nm":"Tyres Outlines","sr":1,"ks":{"o":{"a":0,"k":100,"ix":11},"r":{"a":0,"k":0,"ix":10},"p":{"a":1,"k":[{"i":{"x":0.453,"y":1},"o":{"x":0.539,"y":0.012},"t":0,"s":[254.577,348.115,0],"to":[9.167,0,0],"ti":[12.5,0,0]},{"i":{"x":0.455,"y":1},"o":{"x":0.593,"y":0},"t":9,"s":[309.577,348.115,0],"to":[-12.5,0,0],"ti":[1.333,0,0]},{"i":{"x":0.428,"y":1},"o":{"x":0.534,"y":0},"t":17,"s":[179.577,348.115,0],"to":[-1.333,0,0],"ti":[-12.5,0,0]},{"i":{"x":0.667,"y":1},"o":{"x":0.113,"y":0},"t":27,"s":[301.577,348.115,0],"to":[12.5,0,0],"ti":[7.833,0,0]},{"i":{"x":0.667,"y":0.667},"o":{"x":0.167,"y":0.167},"t":34,"s":[254.577,348.115,0],"to":[0,0,0],"ti":[0,0,0]},{"i":{"x":0.667,"y":1},"o":{"x":0.064,"y":0},"t":37,"s":[254.577,348.115,0],"to":[0,-2,0],"ti":[0,0,0]},{"i":{"x":0.491,"y":1},"o":{"x":1,"y":0},"t":46,"s":[254.577,336.115,0],"to":[0,0,0],"ti":[0,-2,0]},{"t":53.0000021587343,"s":[254.577,348.115,0]}],"ix":2,"l":2},"a":{"a":0,"k":[115.519,30.135,0],"ix":1,"l":2},"s":{"a":0,"k":[100,100,100],"ix":6,"l":2}},"ao":0,"shapes":[{"ty":"gr","it":[{"ind":0,"ty":"sh","ix":1,"ks":{"a":0,"k":{"i":[[10.891,0],[0,0],[0,10.891],[0,0],[-10.89,0],[0,0],[0,-10.889],[0,0]],"o":[[0,0],[-10.89,0],[0,0],[0,-10.889],[0,0],[10.891,0],[0,0],[0,10.891]],"v":[[3.05,29.885],[-3.051,29.885],[-22.769,10.166],[-22.769,-10.166],[-3.051,-29.885],[3.05,-29.885],[22.769,-10.166],[22.769,10.166]],"c":true},"ix":2},"nm":"Path 1","mn":"ADBE Vector Shape - Group","hd":false},{"ty":"fl","c":{"a":0,"k":[0.301999978458,0.301999978458,0.301999978458,1],"ix":4},"o":{"a":0,"k":100,"ix":5},"r":1,"bm":0,"nm":"Fill 1","mn":"ADBE Vector Graphic - Fill","hd":false},{"ty":"tr","p":{"a":0,"k":[208.02,30.135],"ix":2},"a":{"a":0,"k":[0,0],"ix":1},"s":{"a":0,"k":[100,100],"ix":3},"r":{"a":0,"k":0,"ix":6},"o":{"a":0,"k":100,"ix":7},"sk":{"a":0,"k":0,"ix":4},"sa":{"a":0,"k":0,"ix":5},"nm":"Transform"}],"nm":"Group 1","np":2,"cix":2,"bm":0,"ix":1,"mn":"ADBE Vector Group","hd":false},{"ty":"gr","it":[{"ind":0,"ty":"sh","ix":1,"ks":{"a":0,"k":{"i":[[10.89,0],[0,0],[0,10.891],[0,0],[-10.89,0],[0,0],[0,-10.889],[0,0]],"o":[[0,0],[-10.89,0],[0,0],[0,-10.889],[0,0],[10.89,0],[0,0],[0,10.891]],"v":[[3.051,29.885],[-3.051,29.885],[-22.77,10.166],[-22.77,-10.166],[-3.051,-29.885],[3.051,-29.885],[22.77,-10.166],[22.77,10.166]],"c":true},"ix":2},"nm":"Path 1","mn":"ADBE Vector Shape - Group","hd":false},{"ty":"fl","c":{"a":0,"k":[0.301999978458,0.301999978458,0.301999978458,1],"ix":4},"o":{"a":0,"k":100,"ix":5},"r":1,"bm":0,"nm":"Fill 1","mn":"ADBE Vector Graphic - Fill","hd":false},{"ty":"tr","p":{"a":0,"k":[23.019,30.135],"ix":2},"a":{"a":0,"k":[0,0],"ix":1},"s":{"a":0,"k":[100,100],"ix":3},"r":{"a":0,"k":0,"ix":6},"o":{"a":0,"k":100,"ix":7},"sk":{"a":0,"k":0,"ix":4},"sa":{"a":0,"k":0,"ix":5},"nm":"Transform"}],"nm":"Group 2","np":2,"cix":2,"bm":0,"ix":2,"mn":"ADBE Vector Group","hd":false}],"ip":0,"op":57.0000023216576,"st":0,"bm":0}],"markers":[]}